{
    "url": "como-franquiciar-un-negocio",
    "title": "<h1>¿Cómo franquiciar un negocio?</h1>",
    "category": "Marketing",
    "imageBanner": "/Content/img/BlogPost/Post13/image1.png",
    "seo": {
        "title": "¿Como franquiciar un negocio? con Franquicia Plus",
        "description": "¿Como franquiciar un negocio?, una de la preguntas mas frecuentes que nos hacen en nuestra consultoría de Franquicias.",
        "imageSocial": "/Content/img/BlogPost/Post13/image1.png",
        "linkedin": true,
        "instagram": true,
        "facebook": true
    },
    "body": [
        {
            "type": "texto-normal20",
            "content": "Si eres un empresario exitoso con un modelo de negocio probado y consideras que es exitoso, es posible que estés considerando la expansión a través de <h2 style='display: inline'>franquiciar tu marca</h2>. Las franquicias no solo ofrecen un camino hacia el crecimiento de tu empresa, marca o negocio, sino también la oportunidad de compartir tu éxito con otros emprendedores que cuidaran de tu marca.",
            "color": "#000"
        },
        {
            "type": "imagen-grande",
            "content": "/Content/img/BlogPost/Post13/image1.png",
            "alt": "image1",
            "title": "image1"
        },
        {
            "type": "titulo30",
            "content": " “Guía Completa: Cómo Franquiciar tu Negocio y Expandir tu Marca”",
            "color": "#F85E4D"
        },
        {
            "type": "texto-normal20",
            "content": "Las franquicias siempre han tenido fama de ser un refugio seguro al iniciar un negocio, ya que es una marca generalmente establecida y posicionada, y eso no ha cambiado para este 2024. <br><br>En la siguiente guía detallada, te enseñaremos los secretos sobre ¿Cómo franquiciar tu negocio? y posicionarte como líder en tu industria.",
            "color": "#000"
        },
        {
            "type": "titulo20",
            "content": "1. Aprender sobre <h3 style='display: inline'>Sistemas de Franquicias</h3>:",
            "color": "#000"
        },
        {
            "type": "texto-normal20",
            "content": "Antes de sumergirte en el proceso de franquiciar tu negocio, es crucial comprender ¿Qué implica realmente este modelo de negocio?, te contamos que las franquicias implican otorgar a terceros el derecho de utilizar tu marca, métodos y sistemas probados a cambio de regalías. Asegúrate de tener una comprensión sólida antes de continuar.",
            "color": "#000"
        },
        {
            "type": "titulo20",
            "content": "2. Evalua la Viabilidad de la desición:",
            "color": "#000"
        },
        {
            "type": "texto-normal20",
            "content": "No todos los negocios son adecuados para <h4 style='display: inline'>franquiciarce</h4>, siempre evalúa la viabilidad de tu modelo de negocio, ademas considera factores como la repetibilidad, la documentación de procesos, la demanda del mercado y la solidez de tu concepto será clave para atraer a posibles franquiciados.",
            "color": "#000"
        },
        {
            "type": "titulo20",
            "content": "3. Desarrolla Procesos:",
            "color": "#000"
        },
        {
            "type": "texto-normal20",
            "content": "La clave del éxito de cualquier franquicia está en la consistencia a travez de procesos, la creación de manuales detallados que abarquen desde una gestión simple hasta los procedimientos diarios complejos, asegurará que cada acción o tarea refleje la excelencia que ha hecho exitoso tu negocio.",
            "color": "#000"
        },
        {
            "type": "imagen-grande",
            "content": "/Content/img/BlogPost/Post13/image2.png",
            "alt": "image2",
            "title": "image2"
        },
        {
            "type": "titulo20",
            "content": "4. Consulta siempre con Expertos:",
            "color": "#000"
        },
        {
            "type": "texto-normal20",
            "content": "Considera la posibilidad de trabajar con expertos en franquicias, ya que franquiciar implica una serie de aspectos operativos, comerciales, legales y estratégicos complejos, en donde estos profesionales te guiarán a través de los aspectos legales y estratégicos, ayudándote a evitar obstáculos y a optimizar tu modelo de franquicia.",
            "color": "#000"
        },
        {
            "type": "titulo20",
            "content": "5. Desarrolla un Modelo Financiero Sólido:",
            "color": "#000"
        },
        {
            "type": "texto-normal20",
            "content": "Tanto para ti como para los posibles franquiciados, es crucial tener un modelo financiero sólido. Define las regalías, los costos iniciales y las proyecciones financieras realistas. Esto generará confianza en aquellos que estén considerando unirse a tu red de franquicias e invertir en tu negocio.",
            "color": "#000"
        },
        {
            "type": "titulo20",
            "content": "6. Crear una Estrategia de Comercio y de <h5 style='display: inline'>Marketing para Franquicias</h5>:",
            "color": "#000"
        },
        {
            "type": "texto-normal20",
            "content": "La franquicias necesitan una estrategia de marketing y comercial especializada, en donde, tienes que desarrollar tácticas efectivas para  tu publico On y Off Line, ademas te recomendamos hacer campañas publicitarias que destaquen los beneficios de unirse a tu marca, esto te permitirá posicionarte como una marca de franquicia líder en tu mercado, lo cual atraerá franquiciados ideales.",
            "color": "#000"
        },
        {
            "type": "titulo30",
            "content": "Conclusión:",
            "color": "#02C5D5"
        },
        {
            "type": "texto-normal20",
            "content": "Franquiciar tu negocio puede ser un paso emocionante y lucrativo si se lo hace correctamente, desde comprender los conceptos básicos hasta desarrollar una estrategia de sales marketing efectiva, recuerda que cada paso es crucial para el éxito a largo plazo. Sigue esta guía o si necesitas ayuda, cuenta con Franquicia Plus, y estarás en camino de convertir tu negocio en una franquicia exitosa que destaque en el mercado. ¡Buena suerte!",
            "color": "#000"
        }
    ]
}