{
    "url": "como-adquirir-una-franquicia-de-sweet-and-coffee-en-ecuador",
    "title": "¿Cómo adquirir una franquicia de Sweet & Coffee en Ecuador?",
    "category": "Business",
    "imageBanner": "https://franquiciaplus.com/Content/img/BlogPost/Post11/internoblog11.png",
    "seo": {
        "title": "Franquicia de Sweet & Coffee en Ecuador",
        "description": "Franquicia de Sweet & Coffee en Ecuador como adquirirlas",
        "imageSocial": "https://franquiciaplus.com/Content/img/BlogPost/Post11/internoblog11.png",
        "linkedin": true,
        "instagram": true,
        "facebook": true
    },
    "body": [
        {
            "type": "texto-normal20",
            "content": "Sweet & Coffee es una franquicia de cafeterías y pastelerías de origen ecuatoriano fundada en la ciudad de Guayaquil, que actualmente cuenta con 106 locales a nivel nacional en cuatro provincias: Guayas, Pichincha, Tungurahua y Santa Elena. La marca ofrece una amplia variedad de productos, tales como cafés, bebidas frías y calientes, postres, sándwiches y mucho más. Sus establecimientos se caracterizan por contar con un ambiente acogedor y moderno, brindándoles de esta manera una experiencia única a sus clientes.",
            "color": "#000"
        },
        {
            "type": "texto-normal20",
            "content": "Sin embargo, hoy por hoy, no existe aún la posibilidad de adquirir una franquicia de Sweet & Coffee en territorio ecuatoriano, ya que sus propietarios han manifestado, que su meta, es únicamente la venta de franquicias a nivel internacional, empezando por países vecinos, como Colombia.",
            "color": "#000"
        },{
            "type": "texto-normal20",
            "content": "Si bien es cierto, que la compra de una franquicia de Sweet & Coffe en Ecuador es nula ¡No te desanimes!  Existen otras opciones de franquicias de cafeterías, que sin duda te van a llevar al éxito en el apasionante mundo del café.",
            "color": "#000"
        },
        {
            "type": "texto-normal20",
            "content": "Has llegado hasta este punto de nuestro Blog, y estamos seguros de que estás bastante interesado en adquirir la franquicia de una cafetería. Es por este motivo, que te presentamos la marca IL Barista.",
            "color": "#000"
        },
        {
            "type": "texto-normal20",
            "content": "IL Barista nace como un emprendimiento de jóvenes apasionados por el café de especialidad. Con la misión de dar a conocer y que la gente pruebe y valore el producto nacional de tan alto nivel que tenemos, el cual se aprecia tanto en el extranjero. Así nace un hermoso emprendimiento que, apoyado en más de 5 años a caficultores, tostadores y baristas dejando en muy alto el nombre del café de especialidad ecuatoriano.",
            "color": "#000"
        },
        {
            "type": "texto-normal20",
            "content": "Te invitamos a hacer clic en este link para que obtengas mayor información",
            "color": "#000"
        },
        {
            "type": "enlace20",
            "content": "https://www.franquiciaplus.com/il-barista",
            "color": "#0297D7"
        }
    ]
}