{
    "url": "como-financiar-la-compra-de-una-franquicia",
    "title": "¿Cómo financiar la compra de una franquicia?",
    "category": "Business",
    "imageBanner": "https://franquiciaplus.com/Content/img/BlogPost/Post6/internoblog6.png",
    "seo": {
        "title": "¿Cómo financiar la compra de una franquicia?",
        "description": "¿Cómo financiar la compra de una franquicia en Ecuador?",
        "imageSocial": "https://franquiciaplus.com/Content/img/BlogPost/Post6/internoblog6.png",
        "linkedin": true,
        "instagram": true,
        "facebook": true
    },
    "body": [
        {
            "type": "texto-normal20",
            "content": "Tú, emprendedor interesado, ya debes saberlo: las franquicias son más seguras que las empresas normales. Las estadísticas lo prueban. Tras tres años de vida, casi la mitad de las empresas normales, o el 48% de ellas, cierran sus puertas, mientras que la tasa en las franquicias es solo del 5%.",
            "color": "#000"
        },
        {
            "type": "texto-normal20",
            "content": "Es por ello que invertir en franquicias ha sido una alternativa para muchos emprendedores que buscan una forma segura de iniciar un negocio. Sin embargo, siempre existe esa duda sobre cómo iniciar este tipo de negocios y cómo es posible financiar o sacar un préstamo para iniciar una franquicia.",
            "color": "#000"
        },
        {
            "type": "titulo20",
            "content": "¿Vale la pena pedir un préstamo para abrir una franquicia?",
            "color": "#02C7D7"
        },
        {
            "type": "texto-normal20",
            "content": "En general, el crédito se justifica si es la única opción disponible y el análisis de la rentabilidad resulta muy superior a la deuda y sus intereses. También suele ser buscado por empresarios que tienen capital, pero prefieren dejar el dinero rindiendo o invirtiéndolo en negocios más rentables.",
            "color": "#000"
        },
        {
            "type": "texto-normal20",
            "content": "Si tiene dudas sobre si vale la pena tomar un préstamo para abrir una franquicia, ten en cuenta que no hay una respuesta única a esta pregunta. Tu condición financiera, el escenario del mercado, el rendimiento de la franquicia y otros factores interferirán al decidir la mejor manera de hacer que la empresa sea viable.",
            "color": "#000"
        },
        {
            "type": "texto-normal20",
            "content": "Considera siempre todas las alternativas para obtener el dinero, como inversores, que pueden ser miembros de la familia, amigos, entidades bancarias y hasta el mismo franquiciante. Puedes conseguir la inversión inicial para tu franquicia utilizando diferentes fuentes de dinero.",
            "color": "#000"
        },
        {
            "type": "titulo20",
            "content": "¿Qué debes tener en cuenta a la hora de pedir un préstamo para abrir una franquicia?",
            "color": "#02C7D7"
        },
        {
            "type": "texto-normal20",
            "content": "Es importante que el préstamo que solicitas para abrir tu franquicia no comprometa el patrimonio familiar y mucho menos el presupuesto mensual.",
            "color": "#000"
        },
        {
            "type": "texto-normal20",
            "content": "El financiamiento NO debe superar el 30% de la inversión total requerida y se debe conseguir un préstamo con una baja tasa de interés al mayor plazo posible para que el negocio tenga una buena salud financiera.",
            "color": "#000"
        },
        {
            "type": "texto-normal20",
            "content": "Asimismo, la parte de la deuda no debería tomar mucho de las ganancias mensuales de la franquicia. Debes considerar que tendrás otros gastos como capital de trabajo, alquiler del punto, capacitación, contratación, etc.",
            "color": "#000"

        },
        {
            "type": "texto-normal20",
            "content": "Además, es normal que la inversión tarde un poco en empezar a dar sus frutos. Por lo tanto, es importante que tenga formas de mantenerse y respaldar el negocio hasta entonces. Asegúrate de que, si optas por el préstamo, podrás asumir las cuotas sin que se conviertan en una pesadilla para ti.",
            "color": "#000"
        },
        {
            "type": "texto-normal20",
            "content": "Endeudarte por el 100% del valor de una franquicia no es una buena decisión. Hacer esto significa que no verás ingresos para ti, porque todas las ganancias estarán destinadas a pagar el crédito. Busca otras opciones para apalancarte, como un socio inversionista, por ejemplo haz tantas proyecciones futuras como sea posible. Estudia muy bien el plan de negocios y si las probabilidades de retorno son lo suficientemente atractivas para que se justifique el préstamo.",
            "color": "#000"
        },
        {
            "type": "titulo20",
            "content": "¿Cómo financiar la compra de una franquicia?",
            "color": "#02C7D7"
        },
        {
            "type": "texto-normal20",
            "content": "Actualmente, existen varias posibilidades de préstamos para franquicias. No obstante, antes de recurrir a sacar un crédito, es recomendable que busques algunas opciones menos arriesgadas.",
            "color": "#000"
        },
        {
            "type": "texto-normal20",
            "content": "Una buena alternativa es buscar financiamiento para abrir tu unidad con el propio franquiciador. Muchas marcas destinan parte de sus recursos a incentivar la apertura de nuevas franquicias. De esta forma, franquiciador y franquiciado comparten riesgos y aumentan el grado de compromiso con el éxito del negocio.",
            "color": "#000"

        },
        {
            "type": "texto-normal20",
            "content": "Conoce 4 alternativas a las que puedes optar para financiar tu franquicia son:",
            "color": "#000"

        },
        {   "type":"lista",
            "content":
            [
                {
                    "type": "titulo-lista20",
                    "content": "1. Créditos bancarios.",
                    "color": "#000"
                },
                {
                    "type": "texto-lista20",
                    "content": "Son muchas las entidades bancarias que otorgan créditos con tasas especiales para emprendedores. Analiza las diferentes opciones y evalúa las tasas y formas de pago para ver cuál es más conveniente para ti.",
                    "color": "#000"
                },
                {
                    "type": "titulo-lista20",
                    "content": "2. Recurre a familiares y amigo",
                    "color": "#000"
                },
                {
                    "type": "texto-lista20",
                    "content": "Esta es tal vez la forma más económica que tienes para financiar tu franquicia. Sin embargo, toma en consideración que ya no serás el único que tome las decisiones en tu negocio. Por lo tanto, mantén bien claras las condiciones del préstamo para evitar futuros inconvenientes.",
                    "color": "#000"
                },
                {
                    "type": "titulo-lista20",
                    "content": "3. Crowdfunding y Equity Crowdfunding.",
                    "color": "#000"
                },
                {
                    "type": "texto-lista20",
                    "content": "El crowdfunding consiste en una financiación colectiva. En este caso, pequeños inversores se unen para conseguir la cifra que hace posible que la franquicia vaya a salir adelante. Estos inversores reciben beneficios que no siempre es dinero tales como reconocimiento social, asistencia a eventos, productos gratis, etc.",
                    "color": "#000"
                },
                {
                    "type": "texto-lista20",
                    "content": "En cambio, en el equity crowdfunding, el inversor recibe una participación en el capital de la empresa.",
                    "color": "#000"
                },
                {
                    "type": "titulo-lista20",
                    "content": "4. Business Angels.",
                    "color": "#000"
                },
                {
                    "type": "texto-lista20",
                    "content": "Los business angels son personas con grandes sumas de capital que buscan proyectos ajenos y con un alto potencial.",
                    "color": "#000"
                },
                {
                    "type": "texto-lista20",
                    "content": "Para lograr este financiamiento debes tener un buen plan de negocio y demostrar los beneficios que se pueden llegar a conseguir los inversores.",
                    "color": "#000"
                }
            ]
        },
        {
            "type": "titulo20",
            "content": "Financiación para tu franquicia: una opción viable",
            "color": "#FA5E4D"
        },
        {
            "type": "texto-normal20",
            "content": "Como puedes ver, existen diferentes formas de buscar financiación para tu franquicia.",
            "color": "#000"
        },
        {
            "type": "texto-normal20",
            "content": "Lo importante es tener los pies en la tierra y darte cuenta de que la decisión de asumir dos riesgos al mismo tiempo: llevar un negocio y pagar un préstamo grande, necesita ser cuidadosamente estudiada.",
            "color": "#000"
        },
        {
            "type": "texto-normal20",
            "content": "Recuerda que puedes conversar con nuestros asesores para recibir consejos basados en nuestros 15 años de experiencia para ayudarte a emprender y poner en marcha tu negocio de la mejor manera posible. No dudes en contactarnos.",
            "color": "#000"
        },
        {
            "type": "enlace20",
            "content": "https://bit.ly/FranquiciaPlus",
            "color": "#0297D7"
        }
    ]
}