{
    "url": "franquicias-en-ecuador-2022",
    "title": "Franquicias en Ecuador 2022",
    "category": "Business",
    "imageBanner": "https://franquiciaplus.com/Content/img/BlogPost/Post1/internoblog1.png",
    "seo": {
        "title": "Franquicias en Ecuador 2022",
        "description": "Franquicias en Ecuador 2022 conoce sobre negocios rentables",
        "imageSocial": "https://franquiciaplus.com/Content/img/BlogPost/Post1/internoblog1.png",
        "linkedin": true,
        "instagram": true,
        "facebook": true
    },
    "body": [
        {
            "type": "texto-normal20",
            "content": "A la gente le gusta comprar en tiendas y empresas que realmente se conectan con su estilo de vida. Por ello, las franquicias en Ecuador son un modelo de negocio muy atractivo, ya que, en la mayoría de los casos, las empresas de franquicias forman parte del día a día de las familias.",
            "color": "#000"
        },
        {
            "type": "titulo20",
            "content": "Las franquicias una opción de negocio rentable",
            "color": "#02C7D7"
        },
        {
            "type": "texto-normal20",
            "content": "Los períodos de crisis suelen ser prometedores para el mercado de las franquicias. Las personas que pierden su trabajo a menudo recurren a las franquicias como una alternativa para tener su propio negocio. De esta forma no tienen que lidiar con las dificultades de una empresa propia en las primeras etapas.",
            "color": "#000"
        },
        {
            "type": "texto-normal20",
            "content": "De hecho, abrir una franquicia en Quito, representa menos riesgo que aventurarse solo para abrir una tienda. Con el apoyo de una empresa ya establecida en el mercado, que cuenta con una cartera de clientes y procesos definidos, además de una marca fuerte, emprender es más sencillo.",
            "color": "#000"
        },
        {
            "type": "titulo20",
            "content": "El negocio de las franquicias en Ecuador en el 2022",
            "color": "#02C7D7"
        },
        {
            "type": "texto-normal20",
            "content": "La franquicia siempre ha tenido fama de ser un refugio seguro al iniciar un negocio, ya que es una marca generalmente establecida. Y eso no ha cambiado para el 2022.",
            "color": "#000"
        },
        {
            "type": "texto-normal20",
            "content": "Las franquicias en Ecuador desarrollan servicios y modelos de negocio de acuerdo a las demandas del mercado. Las franquicias rentables son aquellas que, además de mostrar una buena rentabilidad, cuentan con estrategias para cumplir con los requerimientos del mercado.",
            "color": "#000"
        },
        {
            "type": "texto-normal20",
            "content": "La pandemia requirió que muchas cadenas de franquicias se adaptaran a los cambios de comportamiento y consumo de los ecuatorianos. Gracias a que se adaptaron, las franquicias en Ecuador se han ido recuperando durante el 2021 y para el 2022 se espera un crecimiento sostenido de este rubro",
            "color": "#000"
        },
        {
            "type": "titulo20",
            "content": "Ventajas de abrir una franquicia en la postpandemia",
            "color": "#02C7D7"
        },
        {
            "type": "texto-normal20",
            "content": "Es innegable que el mercado de franquicias se ha mostrado resiliente al apostar por la adaptación como clave de un escenario de recuperación.",
            "color": "#000"
        },
        {
            "type": "texto-normal20",
            "content": "Abrir una franquicia e incursionar en el emprendimiento es lo que mueve a las personas que buscan tener su propio negocio.",
            "color": "#000"
        },
        {
            "type": "texto-normal20",
            "content": "Durante el período de la pandemia, en el que muchas personas perdieron su trabajo o quedaron insatisfechas con su trabajo actual, este modelo de negocio resultó ser muy atractivo, ya que ofrece estas ventajas:",
            "color": "#000"

        },
        {   "type":"lista",
            "content":
            [
                {
                    "type": "titulo-lista20",
                    "content": "Te permite emprender con seguridad:",
                    "color": "#000"
                },
                {
                    "type": "texto-lista20",
                    "content": "Trabajar con una marca que ya es reconocida en el mercado te ofrece beneficios como emprendedor. Y uno de ellos, sin duda, es la seguridad empresarial. Si ingresas al mercado con el modelo de franquicia ya cuentas con una red de productos y servicios validados por los consumidores. Esto garantiza mayor rentabilidad en tus inicios y un negocio de éxito a largo plazo.",
                    "color": "#000"
                },
                {
                    "type": "titulo-lista20",
                    "content": "Tienes un plan de negocios exitoso",
                    "color": "#000"
                },
                {
                    "type": "texto-lista20",
                    "content": "Al momento de crear una empresa es necesario contar con un plan elaborado, seguro y eficiente, que prevea una serie de factores que pueden afectar a la empresa. Los franquiciadores venden sus franquicias precisamente porque cuentan con un plan de negocios probado y aprobado, lo que te da más posibilidades de éxito.",
                    "color": "#000"
                },
                {
                    "type": "titulo-lista20",
                    "content": "Cuentas con el apoyo del franquiciante:",
                    "color": "#000"
                },
                {
                    "type": "texto-lista20",
                    "content": "Al adquirir una franquicia, el franquiciante te apoya para implementar y operar el negocio, desde la asistencia en la elección del punto comercial, apertura de la cuenta legal, capacitación en el mercado hasta el lanzamiento de la unidad.",
                    "color": "#000"
                }
            ]
        },
        {
            "type": "titulo30",
            "content": "Franquicias rentables en Ecuador para invertir",
            "color": "#FA5E4D"
        },
        {
            "type": "texto-normal20",
            "content": "Aunque los segmentos de franquicia han reaccionado de diferentes maneras a la nueva realidad que vivimos, es importante comprender qué funciona en el mercado y cuál debería ser la clave para un futuro exitoso. Conoce algunas de las tendencias de franquicias en Ecuador para este 2022 en las cuales puedes invertir:",
            "color": "#000"
        },
        {   "type":"lista",
            "content":
            [
                {
                    "type": "titulo-lista20",
                    "content": "Bubble Waffle",
                    "color": "#000"
                },
                {
                    "type": "texto-lista20",
                    "content": "Si te gusta el negocio de la comida rápida Bubble Waffle es una opción para ti. Esta franquicia mexicana con presencia en 6 países, ofrece una gran variedad de waffles dulces y salados, cafés, bebidas y ricos desayunos.",
                    "color": "#000"
                },
                {
                    "type": "titulo-lista20",
                    "content": "Bogati",
                    "color": "#000"
                },
                {
                    "type": "texto-lista20",
                    "content": "Bogati es una franquicia ecuatoriana que cuenta con más de 130 locales en todo el país. Esta heladería cafetería tiene como producto estrella el helado con queso. Una excelente opción nacional para un negocio exitoso.",
                    "color": "#000"
                },
                {
                    "type": "titulo-lista20",
                    "content": "Mr. Jeff",
                    "color": "#000"
                },
                {
                    "type": "texto-lista20",
                    "content": "Esta franquicia española creada en el 2015 y con presencia en más de 40 países te permite emprender en el área de servicios. Mr. Jeff ofrece el servicio de lavandería a domicilio para hacer más fácil la vida cotidiana de miles de clientes de esta exitosa franquicia.",
                    "color": "#000"
                },
                {
                    "type": "titulo-lista20",
                    "content": "BBQ Pinchos",
                    "color": "#000"
                },
                {
                    "type": "texto-lista20",
                    "content": "La franquicia ecuatoriana BBQ Pincho nace en 1995. Actualmente, destaca como una franquicia de comida rápida de calidad con sus pinchos de sabor inigualable. Una apuesta segura para un negocio rentable.",
                    "color": "#000"
                },
                {
                    "type": "titulo-lista20",
                    "content": "Cevichería Cedeños",
                    "color": "#000"
                },
                {
                    "type": "texto-lista20",
                    "content": "Una opción de franquicia exitosa en Ecuador es Cevichería Cedeños. Creada en 2016 es una excelente opción para iniciar tu negocio ofreciendo rico ceviche y deleitar al más exigente paladar.",
                    "color": "#000"
                },
                {
                    "type": "titulo-lista20",
                    "content": "Cevichería Guayaca",
                    "color": "#000"
                },
                {
                    "type": "texto-lista20",
                    "content": "Con un cevichería que destaca por su calidad y frescura, puedes emprender tu negocio exitoso con esta franquicia ecuatoriana. Una elección de la que sin duda alguna no te arrepentirás.",
                    "color": "#000"
                },
                {
                    "type": "titulo-lista20",
                    "content": "Cebiches de la Rumiñahui",
                    "color": "#000"
                },
                {
                    "type": "texto-lista20",
                    "content": "La primera cadena ecuatoriana de comida de mar es una franquicia exitosa en la que puedes emprender con éxito asegurado. Su rentabilidad te va a permitir obtener buenos ingresos desde que te conviertes en franquiciado.",
                    "color": "#000"
                },
                {
                    "type": "titulo-lista20",
                    "content": "Donut Terapia",
                    "color": "#000"
                },
                {
                    "type": "texto-lista20",
                    "content": "Si te gusta emprender en el área de alimentos y deleitar el paladar de grandes y chicos, Donut Terapia es una excelente opción para ti. Esta franquicia en Quito destaca por la calidad de sus productos, la innovación y la notable rentabilidad que tiene.",
                    "color": "#000"
                },
                {
                    "type": "titulo-lista20",
                    "content": "Farmacias Medicity",
                    "color": "#000"
                },
                {
                    "type": "texto-lista20",
                    "content": "Esta franquicia te brinda la oportunidad de incursionar en el sector salud con el apoyo de una empresa con una amplia trayectoria en el país. Una franquicia que te da la seguridad que buscas para emprender en este 2022.",
                    "color": "#000"
                }
            ]
        },
        {
            "type": "titulo22",
            "content": "Franquicias en Ecuador: una opción exitosa",
            "color": "#02C7D7"
        },
        {
            "type": "texto-normal20",
            "content": "El sector de las franquicias viene destacándose en el entorno empresarial no solo por ser rentable. También por todas las ventajas que ofrece a quienes invierten en franquicias.",
            "color": "#000"
        },
        {
            "type": "texto-normal20",
            "content": "Sin embargo, es necesario entender que todas las ventajas de la franquicia van acompañadas de un buen trabajo que debes realizar como franquiciado.",
            "color": "#000"
        },
        {
            "type": "texto-normal20",
            "content": "Las franquicias rentables son más seguras gracias a la planificación de cada marca, que transmite su saber al franquiciado. Basta con que como emprendedor sigas toda la planificación estratégica de acuerdo con lo definido previamente por la empresa.",
            "color": "#000"
        },
        {
            "type": "texto-normal20",
            "content": "Además, hay toda una gama de soportes preparados para ayudarte a enfocarte y, con ello, lograr resultados exitosos. Si quieres emprender este 2022 las franquicias son negocios de éxito para invertir. Solicita más información a uno de nuestros asesores vía whatsapp al 0988588901. Link directo:",
            "color": "#000"
        },
        {
            "type": "enlace20",
            "content": "https://bit.ly/FranquiciaPlus",
            "color": "#0297D7"
        }
    ]
}