{
    "url": "la-formacion-del-franquiciado-para-tener-un-negocio-exitoso",
    "title": "La formación del franquiciado para tener un negocio exitoso",
    "category": "Business",
    "imageBanner": "https://franquiciaplus.com/Content/img/BlogPost/Post9/internoblog9.png",
    "seo": {
        "title": "formación del franquiciado para tener un negocio exitoso",
        "description": "La formación del franquiciado para tener un negocio exitoso en Ecuador",
        "imageSocial": "https://franquiciaplus.com/Content/img/BlogPost/Post9/internoblog9.png",
        "linkedin": true,
        "instagram": true,
        "facebook": true
    },
    "body": [
        {
            "type": "texto-normal20",
            "content": "En los últimos años, el concepto de franquicia ha ganado fuerza en el Ecuador. Las franquicias han permitido a muchas personas que quieren iniciar su propia empresa beneficiarse de la experiencia, la reputación, la tecnología, el capital y los fondos de otros negocios, abriendo nuevas oportunidades de inversión para emprendedores de todo el país.",
            "color": "#000"
        },
        {
            "type": "texto-normal20",
            "content": "Sin embargo, para aprovechar al máximo estas oportunidades, es esencial que los franquiciados reciban la formación adecuada. Esto es cada vez más importante a medida que el sector de franquicias crece en Ecuador.",
            "color": "#000"
        },
        {
            "type": "texto-normal20",
            "content": "Ten presente, si eres un nuevo franquiciado, que el proceso de aprendizaje no debería detenerse en el momento en que la franquicia se ha elegido. La formación es una parte vital del negocio, ya que te prepara para obtener resultados óptimos.",
            "color": "#000"
        },
        {
            "type": "titulo20",
            "content": "¿Por qué es importante la formación para ser un franquiciado exitoso?",
            "color": "#02C7D7"
        },
        {
            "type": "texto-normal20",
            "content": "Si quieres invertir en una franquicia debes saber que la formación es importante para un franquiciado en Ecuador por varias razones:",
            "color": "#000"
        },
        {   "type":"lista",
            "content":
            [
                {
                    "type": "texto-lista20",
                    "content": "-  Permite adquirir las habilidades y conocimientos necesarios para manejar de manera eficiente y rentable la franquicia.",
                    "color": "#000"
                },
                {
                    "type": "texto-lista20",
                    "content": "-  Brinda la oportunidad de conocer los detalles y procedimientos del negocio, lo que ayuda a tomar decisiones acertadas y a implementar estrategias efectivas.",
                    "color": "#000"
                },
                {
                    "type": "texto-lista20",
                    "content": "-  Le da los conocimientos necesarios para cumplir con las obligaciones y requisitos establecidos por el franquiciador, lo que garantiza el éxito del negocio y evita sanciones o multas.",
                    "color": "#000"
                },
                {
                    "type": "texto-lista20",
                    "content": "-  Proporciona la base para establecer relaciones y conexiones con otros franquiciados y profesionales del sector, lo que permite intercambiar experiencias y conocimientos.",
                    "color": "#000"
                },
                {
                    "type": "texto-lista20",
                    "content": "-  Ayuda a adquirir la confianza y seguridad necesarias para enfrentar los desafíos y obstáculos que puedan surgir en el desarrollo del negocio.",
                    "color": "#000"
                }
            ]
        },
        {
            "type": "titulo20",
            "content": "¿Qué pasos se deben cumplir para una formación de franquiciado efectiva?",
            "color": "#02C7D7"
        },
        {
            "type": "texto-normal20",
            "content": "Para tener éxito como franquiciado, es importante que sigas los siguientes pasos en cuanto a tu formación:",
            "color": "#000"
        },
        {   "type":"lista",
            "content":
            [
                {
                    "type": "texto-lista20",
                    "content": "-  Realizar una investigación exhaustiva sobre la franquicia que se quiere adquirir, conociendo sus detalles, requisitos y obligaciones.",
                    "color": "#000"
                },
                {
                    "type": "texto-lista20",
                    "content": "-  Estudiar el mercado en el que se encuentra la franquicia, identificando a su competencia, sus fortalezas y debilidades, y las tendencias del sector.",
                    "color": "#000"
                },
                {
                    "type": "texto-lista20",
                    "content": "-  Asistir a capacitaciones y cursos brindados por el franquiciador, para adquirir las habilidades y conocimientos necesarios para operar y administrar el negocio de manera eficiente.",
                    "color": "#000"
                },
                {
                    "type": "texto-lista20",
                    "content": "-  Establecer un plan de negocios y un presupuesto detallado, para tener una visión clara del futuro del negocio y saber cuáles son las metas y objetivos a cumplir.",
                    "color": "#000"
                }
            ]
        },
        {
            "type": "titulo20",
            "content": "¿Cuáles son los tipos de franquiciados y que características tienen?",
            "color": "#02C7D7"
        },
        {
            "type": "texto-normal20",
            "content": "Las franquicias son una herramienta de marketing cada vez más popular para los empresarios. Permite a una empresa expandirse más allá de su área local, sin arriesgar demasiado capital, y además contar con una marca de renombre a nivel nacional y mundial.",
            "color": "#000"
        },
        {
            "type": "texto-normal20",
            "content": "Para ello los franquiciados desempeñan un papel importante dentro de la estrategia de negocio de una franquicia. Y los franquiciados tienen con diversas necesidades, perspectivas y expectativas, es por eso que las franquicias se adaptan a los diferentes tipos de franquiciados.",
            "color": "#000"
        },
        {
            "type": "titulo20",
            "content": "Franquiciado autoempleo",
            "color": "#FA5E4D"
        },
        {
            "type": "texto-normal20",
            "content": "Un franquiciado autoempleo es una persona que adquiere una franquicia para desarrollar un negocio por su cuenta y bajo su propia responsabilidad. Las características principales de un franquiciado autoempleo son:",
            "color": "#000"
        },
        {   "type":"lista",
            "content":
            [
                {
                    "type": "texto-lista20",
                    "content": "-  Tiene su propio negocio, pero con la ayuda y apoyo del franquiciador.",
                    "color": "#000"
                },
                {
                    "type": "texto-lista20",
                    "content": "-  Es el dueño de su negocio, pero debe cumplir con las normas y estándares establecidos por el franquiciador.",
                    "color": "#000"
                },
                {
                    "type": "texto-lista20",
                    "content": "-  Es responsable del éxito o fracaso de su negocio, y debe asumir todos los riesgos y costos asociados con él.",
                    "color": "#000"
                },
                {
                    "type": "texto-lista20",
                    "content": "-  Debe cumplir con los requisitos y obligaciones establecidos por el franquiciador, como el pago de regalías y el cumplimiento de estándares de calidad.",
                    "color": "#000"
                },
                {
                    "type": "texto-lista20",
                    "content": "-  Debe contar con un capital inicial y un plan de negocios para iniciar la franquicia y mantenerla en el tiempo.",
                    "color": "#000"
                }
            ]
        },
        {
            "type": "titulo20",
            "content": "Franquiciado gestor",
            "color": "#FA5E4D"
        },
        {
            "type": "texto-normal20",
            "content": "Un franquiciado gestor es una persona que adquiere una franquicia y se encarga de administrar y operar el negocio en nombre del franquiciador. Es decir, es una especie de representante o enlace entre el franquiciador y el negocio, y tiene cierta autonomía para tomar decisiones y manejar la franquicia.",
            "color": "#000"
        },
        {
            "type": "texto-normal20",
            "content": "Algunas de las características de un franquiciado gestor son:",
            "color": "#000"
        },
        {   "type":"lista",
            "content":
            [
                {
                    "type": "texto-lista20",
                    "content": "-  No es dueño del negocio, sino que actúa en nombre del franquiciador.",
                    "color": "#000"
                },
                {
                    "type": "texto-lista20",
                    "content": "-  Debe cumplir con las normas y directrices establecidas por el franquiciador, y mantener una buena relación con él.",
                    "color": "#000"
                },
                {
                    "type": "texto-lista20",
                    "content": "-  Debe tener una buena capacidad de gestión y administración para manejar el negocio de manera eficiente y rentable.",
                    "color": "#000"
                },
                {
                    "type": "texto-lista20",
                    "content": "-  Debe contar con un capital inicial para iniciar la franquicia y cumplir con los pagos y obligaciones establecidos por el franquiciador.",
                    "color": "#000"
                }
            ]
        },
        {
            "type": "titulo20",
            "content": "Franquiciado reconversión",
            "color": "#FA5E4D"
        },
        {
            "type": "texto-normal20",
            "content": "Un franquiciado de reconversión es una persona que adquiere una franquicia para convertir un negocio existente en uno bajo la marca del franquiciador. Es decir, utiliza la franquicia como una forma de renovar y mejorar un negocio que ya tiene experiencia y clientela, pero que necesita un cambio de imagen o una mayor estructura y apoyo para crecer.",
            "color": "#000"
        },
        {
            "type": "texto-normal20",
            "content": "Algunas de las características de un franquiciado de reconversión son:",
            "color": "#000"
        },
        {   "type":"lista",
            "content":
            [
                {
                    "type": "texto-lista20",
                    "content": "-  Ya cuenta con experiencia en el sector en el que se encuentra la franquicia, lo que le permite aprovechar el conocimiento y la clientela que ya tiene.",
                    "color": "#000"
                },
                {
                    "type": "texto-lista20",
                    "content": "-  Debe cumplir con los requisitos y obligaciones establecidos por el franquiciador, como el pago de regalías y el cumplimiento de estándares de calidad.",
                    "color": "#000"
                },
                {
                    "type": "texto-lista20",
                    "content": "-  Debe tener una buena capacidad de gestión y administración, ya que es responsable de todas las áreas del negocio.",
                    "color": "#000"
                }
            ]
        },
        {
            "type": "titulo20",
            "content": "Franquiciado inversor",
            "color": "#FA5E4D"
        },
        {
            "type": "texto-normal20",
            "content": "Un franquiciado inversor es una persona que adquiere una franquicia con el objetivo de obtener una rentabilidad económica a través de su inversión. Es decir, no se encarga de operar y administrar el negocio, sino que se limita a aportar el capital y recibir una parte de las ganancias que genere la franquicia.",
            "color": "#000"
        },
        {
            "type": "texto-normal20",
            "content": "Algunas de las características de un franquiciado inversor son:",
            "color": "#000"
        },
        {   "type":"lista",
            "content":
            [
                {
                    "type": "texto-lista20",
                    "content": "-  No es dueño del negocio, sino que aporta el capital y recibe una parte de las ganancias.",
                    "color": "#000"
                },
                {
                    "type": "texto-lista20",
                    "content": "-  Debe tener una buena capacidad financiera y un plan de inversión sólido para asegurarse una rentabilidad económica.",
                    "color": "#000"
                },
                {
                    "type": "texto-lista20",
                    "content": "-  Debe confiar en el franquiciador y en la franquicia que adquiere, y estar dispuesto a asumir ciertos riesgos.",
                    "color": "#000"
                }
            ]
        },
        {
            "type": "texto-normal20",
            "content": "La formación de los franquiciados es una parte integral de un negocio exitoso. Esto se debe a que proporciona los conocimientos y habilidades necesarias para mantener el negocio a flote. Es ofrecer un excelente servicio a los clientes, relacionarse con otros franquiciados y gestionar de forma efectiva el negocio.",
            "color": "#000"
        },
        {
            "type": "texto-normal20",
            "content": "Por tanto, si deseas obtener los mejores resultados de tu franquicia, entonces es importante que te formes como franquiciado para poder hacer frente a los numerosos retos que conlleva esta forma de negocio.",
            "color": "#000"
        }
    ]
}