{
    "url": "opciones-para-invertir-en-ecuador-parte-i",
    "title": "Opciones para invertir en Ecuador parte I",
    "category": "Business",
    "imageBanner": "https://franquiciaplus.com/Content/img/BlogPost/Post8/internoblog8.png",
    "seo": {
        "title": "Opciones para invertir en Ecuador",
        "description": "Opciones para invertir en franquicias en Ecuador",
        "imageSocial": "https://franquiciaplus.com/Content/img/BlogPost/Post8/internoblog8.png",
        "linkedin": true,
        "instagram": true,
        "facebook": true
    },
    "body": [
        {
            "type": "texto-normal20",
            "content": "En la última década, el modelo de negocio de las franquicias en Ecuador se ha desarrollado progresivamente, además se ha convertido en un importante generador de empleo, brindado la oportunidad a muchos emprendedores de obtener independencia económica. ",
            "color": "#000"
        },
        {
            "type": "texto-normal20",
            "content": "Así que si estás buscando iniciar tu propio negocio, puedes aventurarte e iniciar desde cero, o invertir en un negocio exitoso, comprobado y de mínimo riesgo.",
            "color": "#000"
        },{
            "type": "titulo20",
            "content": "1. Monobolón",
            "color": "#000"
        },
        {
            "type": "texto-normal20",
            "content": "Gisella y Andrés, en el 2015 decidieron compartir su sazón guayaquileña con los capitalinos, así abrieron las puertas de Monobolón, con una amplia carta gastronómica que va desde desayunos hasta platos fuertes que representan el sabor guayaco. Al momento tienen 3 locales propios, así que puedes convertirte en su primer franquiciado. Recibirás de su soporte y auditoría, por supuesto de manuales de implementación.",
            "color": "#000"
        },
        {
            "type": "texto-normal20",
            "content": "La inversión incluido el valor de la franquicia e implementación es de $77.460 y podrás generar ganancias mensuales netas de $6.500 y la recuperación de la inversión se calcula en 13 meses. El tamaño del local requerido va entre los 44m² a 120m².",
            "color": "#000"
        },
        {
            "type": "texto-normal20",
            "content": "Para aplicar puedes llenar el formulario en la página web de la marca y un asesor se pondrá en contacto contigo.",
            "color": "#000"
        },
        {
            "type": "enlace20",
            "content": "https://www.franquiciaplus.com/monobolon",
            "color": "#0297D7"
        },
        {
            "type": "titulo20",
            "content": "2. Las Palmeras ",
            "color": "#000"
        },
        {
            "type": "texto-normal20",
            "content": "Uno de los restaurantes de mariscos más emblemáticos de la capital con 33 años en el mercado, en su menú destaca el sabor del mar, el coco y el verde. Una gastronomía digna de darse a conocer en todo el país. Al adquirir esta franquicia recibirás auditoría y soporte.",
            "color": "#000"
        },
        {
            "type": "texto-normal20",
            "content": "La inversión es de $70.000 incluyendo el valor de la franquicia e implementación, las ganancias mensuales netas se calculan en $5.000, con una proyección de recuperación de la inversión en 14 meses.",
            "color": "#000"
        },
        {
            "type": "texto-normal20",
            "content": "Para el local se requiere un metraje de 160m².",
            "color": "#000"
        },
        {
            "type": "texto-normal20",
            "content": "Inicia tu proceso de aplicación llenando el formulario de la web y un asesor se pondrá en contacto contigo.",
            "color": "#000"
        },
        {
            "type": "enlace20",
            "content": "https://www.franquiciaplus.com/las-palmeras",
            "color": "#0297D7"
        },
        {
            "type": "titulo20",
            "content": "3. Happy Laser ",
            "color": "#000"
        },
        {
            "type": "texto-normal20",
            "content": "Una empresa española que en 6 años se ha expandido a nivel mundial con más de 40 centros de depilación definitiva, gracias a su avanzada tecnología láser: Soprano Ice Platinum, ofrecen un experiencia indolora, rápida y efectiva, fusionando el  sistema de barrido de alta velocidad con la refrigeración líquida bajo 0°, consiguiendo resultados nunca vistos y en tiempo récord.",
            "color": "#000"
        },
        {
            "type": "texto-normal20",
            "content": "Podrás recuperar tu inversión de $54.310  en solo 11 meses, generando ganancias mensuales desde $5.000",
            "color": "#000"
        },
        {
            "type": "texto-normal20",
            "content": "Requieres un local de 60m², contarás con auditoría y soporte por parte de la marca.",
            "color": "#000"
        },
        {
            "type": "texto-normal20",
            "content": "Conoce más detalles e inicia tu proceso como franquiciado llenando el formulario en la página de Happy Laser.",
            "color": "#000"
        },
        {
            "type": "enlace20",
            "content": "https://www.franquiciaplus.com/happy-laser",
            "color": "#0297D7"
        },
        {
            "type": "titulo20",
            "content": "4. Suvlaki ",
            "color": "#000"
        },
        {
            "type": "texto-normal20",
            "content": "Una propuesta gastronómica Griega, que incorpora los sabores del mediterraneo con la experiencia fast food. Cuentan con una sucursal propia, tú puedes ser el primer franquiciado de Suvlaki, contarás con su soporte y auditoría.",
            "color": "#000"
        },
        {
            "type": "texto-normal20",
            "content": "Con una inversión de $80.000, que incluye el valor de la franquicia y la implementación, podrás obtener ganancias mensuales desde $4.000 y recuperar tu inversión en 17 meses. Las medidas del local ideal es de 130m²",
            "color": "#000"
        },
        {
            "type": "texto-normal20",
            "content": "Puedes aplicar llenando el formulario de este link.",
            "color": "#000"
        },
        {
            "type": "enlace20",
            "content": "https://www.franquiciaplus.com/suvlaki",
            "color": "#0297D7"
        },
        {
            "type": "titulo20",
            "content": "5. Jürgen Café ",
            "color": "#000"
        },
        {
            "type": "texto-normal20",
            "content": "Desde Holanda, Jürgen, una empresa familiar, nos deleita con su variedad de desayunos y panadería y pastelería de autor con productos orgánicos y artesanales.",
            "color": "#000"
        },
        {
            "type": "texto-normal20",
            "content": "Ahora puedes adquirir una de sus franquicias y generar ganancias mensuales netas desde $3.400, con una inversión de $68.900 incluyendo el valor de la franquicia y la adecuación del local, recuperarás tu inversión en 26 meses.",
            "color": "#000"
        },
        {
            "type": "texto-normal20",
            "content": "El tamaño del local requerido es de 100m² a 150m², contarás con el soporte y auditoría de la marca. Para iniciar tu aplicación puedes llenar el formulario en la página web de la marca y un asesor se pondrá en contacto contigo.",
            "color": "#000"
        },
        {
            "type": "enlace20",
            "content": "https://www.franquiciaplus.com/jurgen-cafe",
            "color": "#0297D7"
        }
        ,
        {
            "type": "texto-normal20",
            "content": "Te animamos a elegir una franquicia que vaya de la mano con aquello que te apasiona, que se alinee a tus intereses y gustos. Te deseamos muchos éxitos en tu búsqueda de un negocio exitoso.",
            "color": "#000"
        }
    ]
}