{
    "url": "opciones-para-invertir-en-ecuador-parte-ii",
    "title": "Opciones para invertir en Ecuador parte II",
    "category": "Business",
    "imageBanner": "https://franquiciaplus.com/Content/img/BlogPost/Post10/internoblog10.png",
    "seo": {
        "title": "Opciones para invertir en Ecuador Fplus",
        "description": "Opciones para invertir en franquicias en Ecuador encuentra las mejores opciones en Franquicia plus",
        "imageSocial": "https://franquiciaplus.com/Content/img/BlogPost/Post10/internoblog10.png",
        "linkedin": true,
        "instagram": true,
        "facebook": true
    },
    "body": [
        {
            "type": "texto-normal20",
            "content": "Invertir en Ecuador puede ser una oportunidad emocionante para construir una empresa exitosa. Las franquicias son una opción especialmente satisfactoria, te permiten encontrar un modelo de negocio reconocido para obtener una alta rentabilidad.",
            "color": "#000"
        },
        {
            "type": "texto-normal20",
            "content": "Si quieres iniciar tu negocio como franquiciante, te mostraremos 5 franquicias exitosas y rentables en Ecuador que están generando muy buenos beneficios:",
            "color": "#000"
        },{
            "type": "titulo20",
            "content": "1. The Growth Coach",
            "color": "#000"
        },
        {
            "type": "texto-normal20",
            "content": "La franquicia The Growth Coach ofrece servicios de coaching de negocios y desarrollo personal para ayudar a las empresas y profesionales a alcanzar sus metas y crecer en su carrera.",
            "color": "#000"
        },
        {
            "type": "texto-normal20",
            "content": "La inversión inicial para adquirir una franquicia de The Growth Coach en Ecuador se estima en alrededor de $30,000.",
            "color": "#000"
        },
        {
            "type": "texto-normal20",
            "content": "Las ganancias mensuales netas también pueden variar dependiendo del tamaño y ubicación del negocio, así como del esfuerzo y dedicación que tengas como franquiciado. Sin embargo, se estima que esta franquicia puede generar entre $2,000 y $5,000 de ganancias mensuales netas.",
            "color": "#000"
        },
        {
            "type": "texto-normal20",
            "content": "La recuperación de la inversión inicial puede tomar de 12 a 24 meses, dependiendo del éxito del negocio y la eficiencia en la gestión que realices.",
            "color": "#000"
        },
        {
            "type": "texto-normal20",
            "content": "Si quieres empezar tu negocio con The Growth Coach puedes llenar el formulario en la página web de la marca y un asesor se pondrá en contacto contigo.",
            "color": "#000"
        },
        {
            "type": "enlace20",
            "content": "https://www.franquiciaplus.com/the-growth-coach",
            "color": "#0297D7"
        },
        {
            "type": "titulo20",
            "content": "2. Açai",
            "color": "#000"
        },
        {
            "type": "texto-normal20",
            "content": "La franquicia Açai ofrece una variedad de productos a base de açai, una fruta amazónica rica en antioxidantes y nutrientes. Estos productos incluyen batidos, bowls, smoothies y snacks saludables.",
            "color": "#000"
        },
        {
            "type": "texto-normal20",
            "content": "Los beneficios de unirse a esta franquicia incluyen contar con una marca reconocida y respetada en el mercado, recibir capacitación y apoyo continuo, y acceder a un sistema probado y exitoso. Además, que ofrece una amplia gama de productos que se adaptan a diferentes gustos y necesidades alimentarias.",
            "color": "#000"
        },
        {
            "type": "texto-normal20",
            "content": "Si quieres adquirir una franquicia de Açai en Ecuador debes disponer de aproximadamente $40.000. Esta inversión incluye el pago de la franquicia, la adquisición de equipos y mobiliario, la inversión en inventario, material de marketing y adecuación del local.",
            "color": "#000"
        },
        {
            "type": "texto-normal20",
            "content": "Esta franquicia puede generar entre $4,000 y $8,000 de ganancias mensuales netas.",
            "color": "#000"
        },
        {
            "type": "texto-normal20",
            "content": "La recuperación de la inversión inicial es de aproximadamente 18 meses.",
            "color": "#000"
        },
        {
            "type": "texto-normal20",
            "content": "Para poner en funcionamiento una franquicia de Açai en Ecuador, debes conseguir un espacio de al menos 10 metros cuadrados y así ofrecer toda la gama de productos y atender de forma eficiente a tus clientes.",
            "color": "#000"
        },
        {
            "type": "texto-normal20",
            "content": "Para iniciar tu aplicación puedes llenar el formulario en la página web de la marca y un asesor se pondrá en contacto contigo.",
            "color": "#000"
        },
        {
            "type": "enlace20",
            "content": "https://www.franquiciaplus.com/acai-concept",
            "color": "#0297D7"
        },
        {
            "type": "titulo20",
            "content": "3. Romeros",
            "color": "#000"
        },
        {
            "type": "texto-normal20",
            "content": "Romero's es una franquicia de moda para quienes buscan una experiencia gastronómica única con grandes sabores para paladares exigentes. Aquí puedes saborear una hamburguesa de carne o vegetariana, a tu gusto.",
            "color": "#000"
        },
        {
            "type": "texto-normal20",
            "content": "La inversión inicial para adquirir una franquicia de Romero´s se estima en alrededor de $68.525. De los cuales $ 15.000 corresponden al valor de la franquicia y $53.525 a la adecuación del local.",
            "color": "#000"
        },
        {
            "type": "texto-normal20",
            "content": "Las ganancias que puedes obtener si inviertes en esta franquicia son de aproximadamente $ 3.800 mensuales. Y puedes recuperar tu inversión entre 18 y 24 meses.",
            "color": "#000"
        },
        {
            "type": "texto-normal20",
            "content": "El tamaño del local para que funcione una franquicia de Romero´s de forma cómoda oscila entre 100 y 150 metros cuadrados.",
            "color": "#000"
        },
        {
            "type": "texto-normal20",
            "content": "Llena el formulario en la página web de la marca y un asesor se pondrá en contacto contigo si quieres formar parte de Romero´s como franquiciado.",
            "color": "#000"
        },
        {
            "type": "enlace20",
            "content": "https://www.franquiciaplus.com/romeros",
            "color": "#0297D7"
        },
        {
            "type": "titulo20",
            "content": "4. Wiki up",
            "color": "#000"
        },
        {
            "type": "texto-normal20",
            "content": "Wiki up es una franquicia que surge de la fusión de dos grupos españoles con muchos años de experiencia en la enseñanza en sus respectivos segmentos de edad. KidsBrain, líder en educación infantil, y Multidiomas, especialistas en educación multilingüe para jóvenes y adultos basada en la aplicación práctica del lenguaje y su enseñanza a través de nuevas tecnologías.",
            "color": "#000"
        },
        {
            "type": "texto-normal20",
            "content": "Para invertir en una franquicia de Wiki up inversión debes tener un capital inicial de $32.000. Con este monto pagas el valor de la franquicia que es de $12.000 y la diferencia corresponde a los gastos y costos para adecuar el lugar.",
            "color": "#000"
        },
        {
            "type": "texto-normal20",
            "content": "La ganancia mensual que te puede generar esta franquicia es de más de $3.000 y la recuperación de la inversión inicial puede tomar 2 años.",
            "color": "#000"
        },
        {
            "type": "texto-normal20",
            "content": "El tamaño del local para una franquicia de Wiki up en Ecuador es de 100 metros cuadrados aproximadamente.",
            "color": "#000"
        },
        {
            "type": "texto-normal20",
            "content": "Para que un asesor se ponga en contacto contigo y te brinde toda la información sobre como iniciar tu franquicia en Wiki up llenar el formulario en la página web de la marca.",
            "color": "#000"
        },
        {
            "type": "enlace20",
            "content": "https://www.franquiciaplus.com/wikiup",
            "color": "#0297D7"
        },
        {
            "type": "titulo20",
            "content": "5. Go Green",
            "color": "#000"
        },
        {
            "type": "texto-normal20",
            "content": "Go Green es una empresa guatemalteca fundada en 2005 para conquistar el mercado de la comida rápida con un concepto nuevo y saludable. Con los años, el menú se ha ampliado para incluir cada vez más productos innovadores y sabrosos dentro de la misma gama de alimentos saludables. Y ahora, tras más de 17 años en el mercado, Go Green se ha convertido en la mayor cadena de ensaladas de América Latina.",
            "color": "#000"
        },
        {
            "type": "texto-normal20",
            "content": "La inversión inicial para adquirir una franquicia de Go Green es de $60.000, de los cuales $15.000 corresponde al valor de la franquicia y la diferencia a la adecuación del local.",
            "color": "#000"
        },
        {
            "type": "texto-normal20",
            "content": "Con esta franquicia puedes obtener ganancias mensuales desde $2.000. En cuanto al tamaño del local, se recomienda que sea de entre 30 y 150 metros cuadrados.",
            "color": "#000"
        },
        {
            "type": "texto-normal20",
            "content": "Llenar el formulario en la página web de la marca y un asesor se pondrá en contacto contigo para que recibas toda la información sobre como iniciar tu negocio como franquiciante.",
            "color": "#000"
        },
        {
            "type": "enlace20",
            "content": "https://www.franquiciaplus.com/go-green",
            "color": "#0297D7"
        },
        {
            "type": "texto-normal20",
            "content": "Estas son excelentes opciones para que inicies tu negocio.",
            "color": "#000"
        },
        {
            "type": "texto-normal20",
            "content": "Ten presente que las franquicias tienen una tasa de éxito más alta que los negocios independientes, lo que representa un atractivo adicional con la posibilidad de tener una mayor probabilidad de éxito en tus negocios.",
            "color": "#000"
        }
    ]
}